Frame;CaptureTime;LogTime;HMDPosition;HMDRotation;GazeStatus;CombinedGazeForward;CombinedGazePosition;LeftEyeStatus;LeftEyeForward;LeftEyePosition;LeftEyePupilSize;RightEyeStatus;RightEyeForward;RightEyePosition;RightEyePupilSize;FocusDistance;FocusStability
25739966;1000800379457280700;63758938349139;(0.607, 1.300, 0.422);(-0.202, 0.498, 0.026, 0.843);INVALID;;;INVALID;;;;INVALID;;;;;
25739967;1000800379467283600;63758938349139;(0.607, 1.300, 0.422);(-0.202, 0.498, 0.026, 0.843);INVALID;;;INVALID;;;;INVALID;;;;;
25739968;1000800379477280000;63758938349139;(0.607, 1.300, 0.422);(-0.202, 0.498, 0.026, 0.843);INVALID;;;INVALID;;;;INVALID;;;;;
25739969;1000800379487315200;63758938349139;(0.607, 1.300, 0.422);(-0.202, 0.498, 0.026, 0.843);INVALID;;;INVALID;;;;INVALID;;;;;
25739970;1000800379497273900;63758938349139;(0.607, 1.300, 0.422);(-0.202, 0.498, 0.026, 0.843);INVALID;;;INVALID;;;;INVALID;;;;;
25739971;1000800379507289300;63758938349139;(0.607, 1.300, 0.422);(-0.202, 0.498, 0.026, 0.843);INVALID;;;INVALID;;;;INVALID;;;;;
25739972;1000800379517410700;63758938349139;(0.607, 1.300, 0.422);(-0.202, 0.498, 0.026, 0.843);INVALID;;;INVALID;;;;INVALID;;;;;
25739973;1000800379527407800;63758938349139;(0.607, 1.300, 0.422);(-0.202, 0.498, 0.026, 0.843);INVALID;;;INVALID;;;;INVALID;;;;;
25739974;1000800379537487100;63758938349139;(0.607, 1.300, 0.422);(-0.202, 0.498, 0.026, 0.843);INVALID;;;INVALID;;;;INVALID;;;;;
25739975;1000800379547398900;63758938349139;(0.607, 1.300, 0.422);(-0.202, 0.498, 0.026, 0.843);INVALID;;;INVALID;;;;INVALID;;;;;
25739976;1000800379557406500;63758938349139;(0.607, 1.300, 0.422);(-0.202, 0.498, 0.026, 0.843);INVALID;;;INVALID;;;;INVALID;;;;;
25739977;1000800379567410800;63758938349139;(0.607, 1.300, 0.422);(-0.202, 0.498, 0.026, 0.843);INVALID;;;INVALID;;;;INVALID;;;;;
25739978;1000800379577527400;63758938349139;(0.607, 1.300, 0.422);(-0.202, 0.498, 0.026, 0.843);INVALID;;;INVALID;;;;INVALID;;;;;
25739979;1000800379587552200;63758938349139;(0.607, 1.300, 0.422);(-0.202, 0.498, 0.026, 0.843);INVALID;;;INVALID;;;;INVALID;;;;;
25739980;1000800379597531100;63758938349139;(0.607, 1.300, 0.422);(-0.202, 0.498, 0.026, 0.843);INVALID;;;INVALID;;;;INVALID;;;;;
25739981;1000800379607541000;63758938349139;(0.607, 1.300, 0.422);(-0.202, 0.498, 0.026, 0.843);INVALID;;;INVALID;;;;INVALID;;;;;
25739982;1000800379617534700;63758938349139;(0.607, 1.300, 0.422);(-0.202, 0.498, 0.026, 0.843);INVALID;;;INVALID;;;;INVALID;;;;;
25739983;1000800379627537600;63758938349139;(0.607, 1.300, 0.422);(-0.202, 0.498, 0.026, 0.843);INVALID;;;INVALID;;;;INVALID;;;;;
25739984;1000800379637681500;63758938349139;(0.607, 1.300, 0.422);(-0.202, 0.498, 0.026, 0.843);INVALID;;;INVALID;;;;INVALID;;;;;
25739985;1000800379647646900;63758938349139;(0.607, 1.300, 0.422);(-0.202, 0.498, 0.026, 0.843);INVALID;;;INVALID;;;;INVALID;;;;;
25739986;1000800379657653300;63758938349139;(0.607, 1.300, 0.422);(-0.202, 0.498, 0.026, 0.843);INVALID;;;INVALID;;;;INVALID;;;;;
25739987;1000800379667661700;63758938349139;(0.607, 1.300, 0.422);(-0.202, 0.498, 0.026, 0.843);INVALID;;;INVALID;;;;INVALID;;;;;
25739988;1000800379677656600;63758938349139;(0.607, 1.300, 0.422);(-0.202, 0.498, 0.026, 0.843);INVALID;;;INVALID;;;;INVALID;;;;;
25739989;1000800379687668300;63758938349139;(0.607, 1.300, 0.422);(-0.202, 0.498, 0.026, 0.843);INVALID;;;INVALID;;;;INVALID;;;;;
25739990;1000800379697778200;63758938349139;(0.607, 1.300, 0.422);(-0.202, 0.498, 0.026, 0.843);INVALID;;;INVALID;;;;INVALID;;;;;
25739991;1000800379707795600;63758938349139;(0.607, 1.300, 0.422);(-0.202, 0.498, 0.026, 0.843);INVALID;;;INVALID;;;;INVALID;;;;;
25739992;1000800379717825600;63758938349139;(0.607, 1.300, 0.422);(-0.202, 0.498, 0.026, 0.843);INVALID;;;INVALID;;;;INVALID;;;;;
25739993;1000800379727789600;63758938349140;(0.607, 1.300, 0.422);(-0.202, 0.498, 0.026, 0.843);INVALID;;;INVALID;;;;INVALID;;;;;
25739994;1000800379737816200;63758938349140;(0.607, 1.300, 0.422);(-0.202, 0.498, 0.026, 0.843);INVALID;;;INVALID;;;;INVALID;;;;;
25739995;1000800379747793600;63758938349140;(0.607, 1.300, 0.422);(-0.202, 0.498, 0.026, 0.843);INVALID;;;INVALID;;;;INVALID;;;;;
25739996;1000800379757786900;63758938349140;(0.607, 1.300, 0.422);(-0.202, 0.498, 0.026, 0.843);INVALID;;;INVALID;;;;INVALID;;;;;
25739997;1000800379767928900;63758938349140;(0.607, 1.300, 0.422);(-0.202, 0.498, 0.026, 0.843);INVALID;;;INVALID;;;;INVALID;;;;;
25739998;1000800379777901600;63758938349140;(0.607, 1.300, 0.422);(-0.202, 0.498, 0.026, 0.843);INVALID;;;INVALID;;;;INVALID;;;;;
25739999;1000800379787931600;63758938349140;(0.607, 1.300, 0.422);(-0.202, 0.498, 0.026, 0.843);INVALID;;;INVALID;;;;INVALID;;;;;
25740000;1000800379797902800;63758938349140;(0.607, 1.300, 0.422);(-0.202, 0.498, 0.026, 0.843);INVALID;;;INVALID;;;;INVALID;;;;;
25740001;1000800379807913400;63758938349140;(0.607, 1.300, 0.422);(-0.202, 0.498, 0.026, 0.843);INVALID;;;INVALID;;;;INVALID;;;;;
25740002;1000800379817909400;63758938349140;(0.607, 1.300, 0.422);(-0.202, 0.498, 0.026, 0.843);INVALID;;;INVALID;;;;INVALID;;;;;
25740003;1000800379828036400;63758938349140;(0.607, 1.300, 0.422);(-0.202, 0.498, 0.026, 0.843);INVALID;;;INVALID;;;;INVALID;;;;;
25740004;1000800379838088900;63758938349140;(0.607, 1.300, 0.422);(-0.202, 0.498, 0.026, 0.843);INVALID;;;INVALID;;;;INVALID;;;;;
25740005;1000800379848120000;63758938349144;(0.607, 1.300, 0.422);(-0.202, 0.498, 0.026, 0.843);INVALID;;;INVALID;;;;INVALID;;;;;
25740006;1000800379858027500;63758938349144;(0.607, 1.300, 0.422);(-0.202, 0.498, 0.026, 0.843);INVALID;;;INVALID;;;;INVALID;;;;;
25740007;1000800379868034100;63758938349144;(0.607, 1.300, 0.422);(-0.202, 0.498, 0.026, 0.843);INVALID;;;INVALID;;;;INVALID;;;;;
25740008;1000800379878026900;63758938349144;(0.607, 1.300, 0.422);(-0.202, 0.498, 0.026, 0.843);INVALID;;;INVALID;;;;INVALID;;;;;
25740009;1000800379888169600;63758938349144;(0.607, 1.300, 0.422);(-0.202, 0.498, 0.026, 0.843);INVALID;;;INVALID;;;;INVALID;;;;;
25740010;1000800379898154300;63758938349144;(0.607, 1.300, 0.422);(-0.202, 0.498, 0.026, 0.843);INVALID;;;INVALID;;;;INVALID;;;;;
25740011;1000800379908162900;63758938349144;(0.607, 1.300, 0.422);(-0.202, 0.498, 0.026, 0.843);INVALID;;;INVALID;;;;INVALID;;;;;
25740012;1000800379918168000;63758938349144;(0.607, 1.300, 0.422);(-0.202, 0.498, 0.026, 0.843);INVALID;;;INVALID;;;;INVALID;;;;;
25740013;1000800379928163900;63758938349144;(0.607, 1.300, 0.422);(-0.202, 0.498, 0.026, 0.843);INVALID;;;INVALID;;;;INVALID;;;;;
25740014;1000800379938166500;63758938349144;(0.607, 1.300, 0.422);(-0.202, 0.498, 0.026, 0.843);INVALID;;;INVALID;;;;INVALID;;;;;
25740015;1000800379948148400;63758938349144;(0.607, 1.300, 0.422);(-0.202, 0.498, 0.026, 0.843);INVALID;;;INVALID;;;;INVALID;;;;;
25740017;1000800379968287800;63758938349158;(0.607, 1.300, 0.422);(-0.201, 0.498, 0.026, 0.843);INVALID;;;INVALID;;;;INVALID;;;;;
25740018;1000800379978284100;63758938349173;(0.607, 1.300, 0.422);(-0.201, 0.499, 0.026, 0.843);INVALID;;;INVALID;;;;INVALID;;;;;
25740019;1000800379988283000;63758938349173;(0.607, 1.300, 0.422);(-0.201, 0.499, 0.026, 0.843);INVALID;;;INVALID;;;;INVALID;;;;;
25740020;1000800379998285900;63758938349190;(0.607, 1.299, 0.422);(-0.201, 0.499, 0.026, 0.843);INVALID;;;INVALID;;;;INVALID;;;;;
25740021;1000800380008281200;63758938349206;(0.607, 1.299, 0.422);(-0.201, 0.499, 0.026, 0.842);INVALID;;;INVALID;;;;INVALID;;;;;
25740022;1000800380018419800;63758938349206;(0.607, 1.299, 0.422);(-0.201, 0.499, 0.026, 0.842);INVALID;;;INVALID;;;;INVALID;;;;;
25740023;1000800380028409500;63758938349223;(0.607, 1.299, 0.422);(-0.201, 0.500, 0.026, 0.842);INVALID;;;INVALID;;;;INVALID;;;;;
25740024;1000800380038510100;63758938349223;(0.607, 1.299, 0.422);(-0.201, 0.500, 0.026, 0.842);INVALID;;;INVALID;;;;INVALID;;;;;
25740025;1000800380048418000;63758938349235;(0.607, 1.299, 0.422);(-0.201, 0.500, 0.026, 0.842);INVALID;;;INVALID;;;;INVALID;;;;;
25740026;1000800380058399900;63758938349252;(0.607, 1.299, 0.422);(-0.201, 0.500, 0.026, 0.842);INVALID;;;INVALID;;;;INVALID;;;;;
25740027;1000800380068414600;63758938349268;(0.607, 1.299, 0.422);(-0.201, 0.500, 0.025, 0.842);INVALID;;;INVALID;;;;INVALID;;;;;
25740028;1000800380078552900;63758938349268;(0.607, 1.299, 0.422);(-0.201, 0.500, 0.025, 0.842);INVALID;;;INVALID;;;;INVALID;;;;;
25740029;1000800380088531200;63758938349284;(0.607, 1.299, 0.422);(-0.201, 0.500, 0.025, 0.842);INVALID;;;INVALID;;;;INVALID;;;;;
25740030;1000800380098538300;63758938349284;(0.607, 1.299, 0.422);(-0.201, 0.500, 0.025, 0.842);INVALID;;;INVALID;;;;INVALID;;;;;
25740031;1000800380108525000;63758938349301;(0.607, 1.299, 0.422);(-0.201, 0.500, 0.025, 0.842);INVALID;;;INVALID;;;;INVALID;;;;;
25740032;1000800380118537500;63758938349318;(0.607, 1.299, 0.422);(-0.201, 0.500, 0.025, 0.842);INVALID;;;INVALID;;;;INVALID;;;;;
25740033;1000800380128534700;63758938349318;(0.607, 1.299, 0.422);(-0.201, 0.500, 0.025, 0.842);INVALID;;;INVALID;;;;INVALID;;;;;
25740034;1000800380138539500;63758938349335;(0.607, 1.299, 0.422);(-0.201, 0.499, 0.025, 0.842);INVALID;;;INVALID;;;;INVALID;;;;;
25740035;1000800380148665700;63758938349335;(0.607, 1.299, 0.422);(-0.201, 0.499, 0.025, 0.842);INVALID;;;INVALID;;;;INVALID;;;;;
25740036;1000800380158650700;63758938349353;(0.607, 1.299, 0.422);(-0.201, 0.499, 0.025, 0.842);INVALID;;;INVALID;;;;INVALID;;;;;
25740037;1000800380168663200;63758938349353;(0.607, 1.299, 0.422);(-0.201, 0.499, 0.025, 0.842);INVALID;;;INVALID;;;;INVALID;;;;;
25740038;1000800380178664500;63758938349369;(0.607, 1.299, 0.422);(-0.201, 0.499, 0.026, 0.843);INVALID;;;INVALID;;;;INVALID;;;;;
25740039;1000800380188709300;63758938349387;(0.607, 1.299, 0.423);(-0.201, 0.499, 0.026, 0.843);INVALID;;;INVALID;;;;INVALID;;;;;
25740040;1000800380198660300;63758938349387;(0.607, 1.299, 0.423);(-0.201, 0.499, 0.026, 0.843);INVALID;;;INVALID;;;;INVALID;;;;;
25740041;1000800380208786000;63758938349403;(0.607, 1.299, 0.423);(-0.201, 0.499, 0.026, 0.843);INVALID;;;INVALID;;;;INVALID;;;;;
25740042;1000800380218834900;63758938349403;(0.607, 1.299, 0.423);(-0.201, 0.499, 0.026, 0.843);INVALID;;;INVALID;;;;INVALID;;;;;
25740043;1000800380228911700;63758938349421;(0.607, 1.299, 0.423);(-0.201, 0.499, 0.026, 0.843);INVALID;;;INVALID;;;;INVALID;;;;;
25740044;1000800380238827900;63758938349438;(0.607, 1.299, 0.422);(-0.201, 0.499, 0.026, 0.843);INVALID;;;INVALID;;;;INVALID;;;;;
25740045;1000800380248794200;63758938349438;(0.607, 1.299, 0.422);(-0.201, 0.499, 0.026, 0.843);INVALID;;;INVALID;;;;INVALID;;;;;
25740046;1000800380258795400;63758938349455;(0.607, 1.299, 0.423);(-0.201, 0.499, 0.026, 0.843);INVALID;;;INVALID;;;;INVALID;;;;;
25740047;1000800380268900100;63758938349455;(0.607, 1.299, 0.423);(-0.201, 0.499, 0.026, 0.843);INVALID;;;INVALID;;;;INVALID;;;;;
25740048;1000800380278924900;63758938349471;(0.607, 1.299, 0.423);(-0.201, 0.499, 0.026, 0.843);INVALID;;;INVALID;;;;INVALID;;;;;
25740049;1000800380288907100;63758938349488;(0.607, 1.299, 0.423);(-0.201, 0.499, 0.026, 0.843);INVALID;;;INVALID;;;;INVALID;;;;;
25740050;1000800380298922700;63758938349488;(0.607, 1.299, 0.423);(-0.201, 0.499, 0.026, 0.843);INVALID;;;INVALID;;;;INVALID;;;;;
25740051;1000800380308902500;63758938349505;(0.607, 1.299, 0.422);(-0.201, 0.499, 0.026, 0.843);INVALID;;;INVALID;;;;INVALID;;;;;
25740052;1000800380318954500;63758938349505;(0.607, 1.299, 0.422);(-0.201, 0.499, 0.026, 0.843);INVALID;;;INVALID;;;;INVALID;;;;;
25740053;1000800380328912700;63758938349521;(0.607, 1.299, 0.422);(-0.202, 0.499, 0.026, 0.842);INVALID;;;INVALID;;;;INVALID;;;;;
25740054;1000800380339043300;63758938349538;(0.607, 1.299, 0.422);(-0.202, 0.499, 0.026, 0.842);INVALID;;;INVALID;;;;INVALID;;;;;
25740055;1000800380349037300;63758938349538;(0.607, 1.299, 0.422);(-0.202, 0.499, 0.026, 0.842);INVALID;;;INVALID;;;;INVALID;;;;;
25740056;1000800380359119300;63758938349555;(0.607, 1.299, 0.422);(-0.202, 0.499, 0.026, 0.842);INVALID;;;INVALID;;;;INVALID;;;;;
25740057;1000800380369023800;63758938349555;(0.607, 1.299, 0.422);(-0.202, 0.499, 0.026, 0.842);INVALID;;;INVALID;;;;INVALID;;;;;
25740058;1000800380379070500;63758938349571;(0.607, 1.299, 0.422);(-0.202, 0.499, 0.026, 0.842);INVALID;;;INVALID;;;;INVALID;;;;;
25740059;1000800380389031700;63758938349588;(0.607, 1.299, 0.422);(-0.203, 0.499, 0.026, 0.842);INVALID;;;INVALID;;;;INVALID;;;;;
25740060;1000800380399161800;63758938349588;(0.607, 1.299, 0.422);(-0.203, 0.499, 0.026, 0.842);INVALID;;;INVALID;;;;INVALID;;;;;
25740061;1000800380409155000;63758938349605;(0.606, 1.299, 0.422);(-0.203, 0.499, 0.026, 0.842);INVALID;;;INVALID;;;;INVALID;;;;;
25740062;1000800380419262000;63758938349605;(0.606, 1.299, 0.422);(-0.203, 0.499, 0.026, 0.842);INVALID;;;INVALID;;;;INVALID;;;;;
25740063;1000800380429166400;63758938349622;(0.606, 1.299, 0.422);(-0.203, 0.499, 0.026, 0.842);INVALID;;;INVALID;;;;INVALID;;;;;
25740064;1000800380439178700;63758938349638;(0.606, 1.299, 0.422);(-0.203, 0.499, 0.026, 0.842);INVALID;;;INVALID;;;;INVALID;;;;;
25740065;1000800380449156200;63758938349638;(0.606, 1.299, 0.422);(-0.203, 0.499, 0.026, 0.842);INVALID;;;INVALID;;;;INVALID;;;;;
25740066;1000800380459272600;63758938349655;(0.606, 1.299, 0.422);(-0.203, 0.499, 0.026, 0.842);INVALID;;;INVALID;;;;INVALID;;;;;
25740067;1000800380469275200;63758938349655;(0.606, 1.299, 0.422);(-0.203, 0.499, 0.026, 0.842);INVALID;;;INVALID;;;;INVALID;;;;;
25740068;1000800380479289000;63758938349671;(0.606, 1.300, 0.422);(-0.203, 0.499, 0.026, 0.842);INVALID;;;INVALID;;;;INVALID;;;;;
25740069;1000800380489366000;63758938349688;(0.606, 1.300, 0.422);(-0.203, 0.499, 0.026, 0.842);INVALID;;;INVALID;;;;INVALID;;;;;
25740070;1000800380499286100;63758938349688;(0.606, 1.300, 0.422);(-0.203, 0.499, 0.026, 0.842);INVALID;;;INVALID;;;;INVALID;;;;;
25740071;1000800380509275200;63758938349705;(0.606, 1.300, 0.422);(-0.203, 0.499, 0.026, 0.842);INVALID;;;INVALID;;;;INVALID;;;;;
25740072;1000800380519284900;63758938349705;(0.606, 1.300, 0.422);(-0.203, 0.499, 0.026, 0.842);INVALID;;;INVALID;;;;INVALID;;;;;
25740073;1000800380529411500;63758938349721;(0.606, 1.300, 0.422);(-0.203, 0.499, 0.026, 0.842);INVALID;;;INVALID;;;;INVALID;;;;;
25740074;1000800380539436400;63758938349738;(0.606, 1.300, 0.422);(-0.203, 0.499, 0.026, 0.842);INVALID;;;INVALID;;;;INVALID;;;;;
25740075;1000800380549500200;63758938349738;(0.606, 1.300, 0.422);(-0.203, 0.499, 0.026, 0.842);INVALID;;;INVALID;;;;INVALID;;;;;
25740076;1000800380559402800;63758938349755;(0.606, 1.300, 0.422);(-0.202, 0.499, 0.026, 0.842);INVALID;;;INVALID;;;;INVALID;;;;;
25740077;1000800380569404300;63758938349755;(0.606, 1.300, 0.422);(-0.202, 0.499, 0.026, 0.842);INVALID;;;INVALID;;;;INVALID;;;;;
25740078;1000800380579414800;63758938349771;(0.606, 1.300, 0.422);(-0.202, 0.499, 0.026, 0.842);INVALID;;;INVALID;;;;INVALID;;;;;
25740079;1000800380589545400;63758938349788;(0.606, 1.299, 0.422);(-0.201, 0.499, 0.026, 0.842);INVALID;;;INVALID;;;;INVALID;;;;;
25740080;1000800380599538400;63758938349788;(0.606, 1.299, 0.422);(-0.201, 0.499, 0.026, 0.842);INVALID;;;INVALID;;;;INVALID;;;;;
25740081;1000800380609624500;63758938349805;(0.606, 1.299, 0.422);(-0.201, 0.499, 0.026, 0.843);INVALID;;;INVALID;;;;INVALID;;;;;
25740082;1000800380619537400;63758938349805;(0.606, 1.299, 0.422);(-0.201, 0.499, 0.026, 0.843);INVALID;;;INVALID;;;;INVALID;;;;;
25740083;1000800380629535000;63758938349822;(0.606, 1.299, 0.422);(-0.200, 0.499, 0.026, 0.843);INVALID;;;INVALID;;;;INVALID;;;;;
25740084;1000800380639597100;63758938349838;(0.606, 1.299, 0.422);(-0.198, 0.498, 0.025, 0.844);INVALID;;;INVALID;;;;INVALID;;;;;
25740085;1000800380649659700;63758938349838;(0.606, 1.299, 0.422);(-0.198, 0.498, 0.025, 0.844);INVALID;;;INVALID;;;;INVALID;;;;;
25740086;1000800380659647300;63758938349855;(0.606, 1.299, 0.422);(-0.197, 0.498, 0.025, 0.844);INVALID;;;INVALID;;;;INVALID;;;;;
25740087;1000800380669657400;63758938349855;(0.606, 1.299, 0.422);(-0.197, 0.498, 0.025, 0.844);INVALID;;;INVALID;;;;INVALID;;;;;
25740089;1000800380689702200;63758938349888;(0.606, 1.299, 0.423);(-0.195, 0.497, 0.024, 0.846);INVALID;;;INVALID;;;;INVALID;;;;;
25740090;1000800380699650400;63758938349888;(0.606, 1.299, 0.423);(-0.195, 0.497, 0.024, 0.846);INVALID;;;INVALID;;;;INVALID;;;;;
25740091;1000800380709666200;63758938349905;(0.606, 1.299, 0.423);(-0.194, 0.496, 0.024, 0.846);INVALID;;;INVALID;;;;INVALID;;;;;
25740092;1000800380719779100;63758938349905;(0.606, 1.299, 0.423);(-0.194, 0.496, 0.024, 0.846);INVALID;;;INVALID;;;;INVALID;;;;;
25740093;1000800380729792400;63758938349922;(0.607, 1.299, 0.424);(-0.193, 0.496, 0.024, 0.846);INVALID;;;INVALID;;;;INVALID;;;;;
25740094;1000800380739894700;63758938349938;(0.607, 1.299, 0.424);(-0.192, 0.496, 0.024, 0.847);INVALID;;;INVALID;;;;INVALID;;;;;
25740095;1000800380749784000;63758938349938;(0.607, 1.299, 0.424);(-0.192, 0.496, 0.024, 0.847);INVALID;;;INVALID;;;;INVALID;;;;;
25740096;1000800380759795700;63758938349955;(0.607, 1.299, 0.424);(-0.191, 0.496, 0.024, 0.847);INVALID;;;INVALID;;;;INVALID;;;;;
25740097;1000800380769787900;63758938349955;(0.607, 1.299, 0.424);(-0.191, 0.496, 0.024, 0.847);INVALID;;;INVALID;;;;INVALID;;;;;
25740098;1000800380779904800;63758938349971;(0.607, 1.299, 0.424);(-0.191, 0.496, 0.024, 0.847);INVALID;;;INVALID;;;;INVALID;;;;;
25740099;1000800380789925000;63758938349988;(0.607, 1.298, 0.424);(-0.190, 0.496, 0.025, 0.847);INVALID;;;INVALID;;;;INVALID;;;;;
25740100;1000800380799899900;63758938349988;(0.607, 1.298, 0.424);(-0.190, 0.496, 0.025, 0.847);INVALID;;;INVALID;;;;INVALID;;;;;
25740101;1000800380809910400;63758938350005;(0.607, 1.299, 0.425);(-0.190, 0.497, 0.025, 0.847);INVALID;;;INVALID;;;;INVALID;;;;;
25740102;1000800380819903100;63758938350005;(0.607, 1.299, 0.425);(-0.190, 0.497, 0.025, 0.847);INVALID;;;INVALID;;;;INVALID;;;;;
25740103;1000800380829913000;63758938350021;(0.607, 1.299, 0.425);(-0.189, 0.497, 0.025, 0.846);INVALID;;;INVALID;;;;INVALID;;;;;
25740104;1000800380840043700;63758938350038;(0.607, 1.299, 0.425);(-0.189, 0.497, 0.026, 0.846);INVALID;;;INVALID;;;;INVALID;;;;;
25740105;1000800380850038200;63758938350038;(0.607, 1.299, 0.425);(-0.189, 0.497, 0.026, 0.846);INVALID;;;INVALID;;;;INVALID;;;;;
25740106;1000800380860033300;63758938350055;(0.607, 1.299, 0.425);(-0.188, 0.498, 0.026, 0.846);INVALID;;;INVALID;;;;INVALID;;;;;
25740107;1000800380870023000;63758938350055;(0.607, 1.299, 0.425);(-0.188, 0.498, 0.026, 0.846);INVALID;;;INVALID;;;;INVALID;;;;;
25740108;1000800380880023300;63758938350072;(0.608, 1.299, 0.425);(-0.188, 0.498, 0.026, 0.846);INVALID;;;INVALID;;;;INVALID;;;;;
25740109;1000800380890094300;63758938350088;(0.608, 1.298, 0.425);(-0.187, 0.498, 0.027, 0.846);INVALID;;;INVALID;;;;INVALID;;;;;
25740110;1000800380900146400;63758938350088;(0.608, 1.298, 0.425);(-0.187, 0.498, 0.027, 0.846);INVALID;;;INVALID;;;;INVALID;;;;;
25740111;1000800380910159100;63758938350105;(0.608, 1.298, 0.426);(-0.187, 0.498, 0.027, 0.847);INVALID;;;INVALID;;;;INVALID;;;;;
25740112;1000800380920155500;63758938350105;(0.608, 1.298, 0.426);(-0.187, 0.498, 0.027, 0.847);INVALID;;;INVALID;;;;INVALID;;;;;
25740113;1000800380930243500;63758938350121;(0.608, 1.298, 0.426);(-0.187, 0.498, 0.027, 0.847);INVALID;;;INVALID;;;;INVALID;;;;;
25740114;1000800380940172900;63758938350139;(0.608, 1.298, 0.426);(-0.187, 0.498, 0.027, 0.847);INVALID;;;INVALID;;;;INVALID;;;;;
25740115;1000800380950161000;63758938350139;(0.608, 1.298, 0.426);(-0.187, 0.498, 0.027, 0.847);INVALID;;;INVALID;;;;INVALID;;;;;
25740116;1000800380960164100;63758938350155;(0.608, 1.298, 0.426);(-0.186, 0.498, 0.027, 0.847);INVALID;;;INVALID;;;;INVALID;;;;;
25740117;1000800380970279100;63758938350155;(0.608, 1.298, 0.426);(-0.186, 0.498, 0.027, 0.847);INVALID;;;INVALID;;;;INVALID;;;;;
25740118;1000800380980277400;63758938350171;(0.608, 1.298, 0.426);(-0.186, 0.498, 0.027, 0.847);INVALID;;;INVALID;;;;INVALID;;;;;
25740119;1000800380990307600;63758938350188;(0.608, 1.298, 0.426);(-0.186, 0.498, 0.027, 0.847);INVALID;;;INVALID;;;;INVALID;;;;;
25740120;1000800381000357000;63758938350188;(0.608, 1.298, 0.426);(-0.186, 0.498, 0.027, 0.847);INVALID;;;INVALID;;;;INVALID;;;;;
25740121;1000800381010286300;63758938350205;(0.608, 1.298, 0.427);(-0.186, 0.498, 0.027, 0.847);INVALID;;;INVALID;;;;INVALID;;;;;
25740122;1000800381020292000;63758938350205;(0.608, 1.298, 0.427);(-0.186, 0.498, 0.027, 0.847);INVALID;;;INVALID;;;;INVALID;;;;;
25740123;1000800381030414400;63758938350221;(0.608, 1.298, 0.427);(-0.186, 0.498, 0.026, 0.847);INVALID;;;INVALID;;;;INVALID;;;;;
25740124;1000800381040413200;63758938350238;(0.608, 1.298, 0.427);(-0.186, 0.498, 0.026, 0.847);INVALID;;;INVALID;;;;INVALID;;;;;
25740125;1000800381050412200;63758938350238;(0.608, 1.298, 0.427);(-0.186, 0.498, 0.026, 0.847);INVALID;;;INVALID;;;;INVALID;;;;;
25740126;1000800381060411200;63758938350255;(0.609, 1.298, 0.427);(-0.186, 0.498, 0.026, 0.847);INVALID;;;INVALID;;;;INVALID;;;;;
25740127;1000800381070413300;63758938350255;(0.609, 1.298, 0.427);(-0.186, 0.498, 0.026, 0.847);INVALID;;;INVALID;;;;INVALID;;;;;
25740128;1000800381080399800;63758938350270;(0.609, 1.298, 0.427);(-0.186, 0.498, 0.027, 0.847);INVALID;;;INVALID;;;;INVALID;;;;;
25740129;1000800381090541000;63758938350288;(0.609, 1.298, 0.427);(-0.186, 0.498, 0.027, 0.847);INVALID;;;INVALID;;;;INVALID;;;;;
25740130;1000800381100525600;63758938350288;(0.609, 1.298, 0.427);(-0.186, 0.498, 0.027, 0.847);INVALID;;;INVALID;;;;INVALID;;;;;
25740131;1000800381110534900;63758938350304;(0.608, 1.298, 0.427);(-0.185, 0.497, 0.027, 0.847);INVALID;;;INVALID;;;;INVALID;;;;;
25740132;1000800381120671100;63758938350321;(0.608, 1.298, 0.427);(-0.185, 0.497, 0.027, 0.847);INVALID;;;INVALID;;;;INVALID;;;;;
25740133;1000800381130537100;63758938350321;(0.608, 1.298, 0.427);(-0.185, 0.497, 0.027, 0.847);INVALID;;;INVALID;;;;INVALID;;;;;
25740134;1000800381140565200;63758938350338;(0.608, 1.298, 0.427);(-0.185, 0.497, 0.027, 0.847);INVALID;;;INVALID;;;;INVALID;;;;;
25740135;1000800381150536400;63758938350338;(0.608, 1.298, 0.427);(-0.185, 0.497, 0.027, 0.847);INVALID;;;INVALID;;;;INVALID;;;;;
25740136;1000800381160698200;63758938350355;(0.608, 1.298, 0.427);(-0.185, 0.497, 0.027, 0.847);INVALID;;;INVALID;;;;INVALID;;;;;
25740137;1000800381170660200;63758938350371;(0.608, 1.298, 0.427);(-0.185, 0.496, 0.027, 0.848);INVALID;;;INVALID;;;;INVALID;;;;;
25740139;1000800381190656200;63758938350388;(0.608, 1.298, 0.427);(-0.185, 0.496, 0.027, 0.848);INVALID;;;INVALID;;;;INVALID;;;;;
25740140;1000800381200662100;63758938350388;(0.608, 1.298, 0.427);(-0.185, 0.496, 0.027, 0.848);INVALID;;;INVALID;;;;INVALID;;;;;
25740141;1000800381210655600;63758938350405;(0.608, 1.298, 0.427);(-0.186, 0.496, 0.027, 0.848);INVALID;;;INVALID;;;;INVALID;;;;;
25740142;1000800381220798400;63758938350422;(0.608, 1.298, 0.428);(-0.186, 0.496, 0.027, 0.848);INVALID;;;INVALID;;;;INVALID;;;;;
25740143;1000800381230774500;63758938350422;(0.608, 1.298, 0.428);(-0.186, 0.496, 0.027, 0.848);INVALID;;;INVALID;;;;INVALID;;;;;
25740144;1000800381240791600;63758938350438;(0.608, 1.298, 0.427);(-0.187, 0.496, 0.028, 0.848);INVALID;;;INVALID;;;;INVALID;;;;;
25740145;1000800381250783700;63758938350438;(0.608, 1.298, 0.427);(-0.187, 0.496, 0.028, 0.848);INVALID;;;INVALID;;;;INVALID;;;;;
25740146;1000800381260784800;63758938350455;(0.608, 1.298, 0.427);(-0.188, 0.495, 0.028, 0.848);INVALID;;;INVALID;;;;INVALID;;;;;
25740147;1000800381270822300;63758938350471;(0.607, 1.298, 0.428);(-0.188, 0.495, 0.029, 0.848);INVALID;;;INVALID;;;;INVALID;;;;;
25740148;1000800381280897100;63758938350471;(0.607, 1.298, 0.428);(-0.188, 0.495, 0.029, 0.848);INVALID;;;INVALID;;;;INVALID;;;;;
25740149;1000800381290913300;63758938350488;(0.607, 1.298, 0.428);(-0.189, 0.494, 0.029, 0.848);INVALID;;;INVALID;;;;INVALID;;;;;
25740150;1000800381300909900;63758938350488;(0.607, 1.298, 0.428);(-0.189, 0.494, 0.029, 0.848);INVALID;;;INVALID;;;;INVALID;;;;;
25740151;1000800381310902900;63758938350505;(0.607, 1.298, 0.428);(-0.189, 0.494, 0.030, 0.848);INVALID;;;INVALID;;;;INVALID;;;;;
25740152;1000800381320914800;63758938350521;(0.607, 1.298, 0.428);(-0.189, 0.493, 0.030, 0.849);INVALID;;;INVALID;;;;INVALID;;;;;
25740153;1000800381330900400;63758938350521;(0.607, 1.298, 0.428);(-0.189, 0.493, 0.030, 0.849);INVALID;;;INVALID;;;;INVALID;;;;;
25740154;1000800381340921400;63758938350538;(0.607, 1.298, 0.428);(-0.189, 0.492, 0.030, 0.849);INVALID;;;INVALID;;;;INVALID;;;;;
25740155;1000800381351032900;63758938350538;(0.607, 1.298, 0.428);(-0.189, 0.492, 0.030, 0.849);INVALID;;;INVALID;;;;INVALID;;;;;
25740156;1000800381361039700;63758938350555;(0.607, 1.298, 0.428);(-0.189, 0.492, 0.031, 0.849);INVALID;;;INVALID;;;;INVALID;;;;;
25740157;1000800381371052400;63758938350572;(0.607, 1.298, 0.428);(-0.189, 0.491, 0.031, 0.850);INVALID;;;INVALID;;;;INVALID;;;;;
25740158;1000800381381024100;63758938350572;(0.607, 1.298, 0.428);(-0.189, 0.491, 0.031, 0.850);INVALID;;;INVALID;;;;INVALID;;;;;
25740159;1000800381391041000;63758938350588;(0.607, 1.298, 0.428);(-0.189, 0.491, 0.031, 0.850);INVALID;;;INVALID;;;;INVALID;;;;;
25740160;1000800381401037600;63758938350588;(0.607, 1.298, 0.428);(-0.189, 0.491, 0.031, 0.850);INVALID;;;INVALID;;;;INVALID;;;;;
25740161;1000800381411152100;63758938350605;(0.606, 1.298, 0.428);(-0.189, 0.490, 0.031, 0.850);INVALID;;;INVALID;;;;INVALID;;;;;
25740162;1000800381421165600;63758938350622;(0.606, 1.298, 0.429);(-0.188, 0.489, 0.032, 0.851);INVALID;;;INVALID;;;;INVALID;;;;;
25740163;1000800381431150700;63758938350622;(0.606, 1.298, 0.429);(-0.188, 0.489, 0.032, 0.851);INVALID;;;INVALID;;;;INVALID;;;;;
25740164;1000800381441211000;63758938350638;(0.606, 1.298, 0.429);(-0.188, 0.489, 0.032, 0.851);INVALID;;;INVALID;;;;INVALID;;;;;
25740165;1000800381451156600;63758938350638;(0.606, 1.298, 0.429);(-0.188, 0.489, 0.032, 0.851);INVALID;;;INVALID;;;;INVALID;;;;;
25740166;1000800381461159800;63758938350655;(0.606, 1.298, 0.429);(-0.188, 0.488, 0.032, 0.852);INVALID;;;INVALID;;;;INVALID;;;;;
25740167;1000800381471314500;63758938350672;(0.606, 1.298, 0.429);(-0.188, 0.487, 0.032, 0.852);INVALID;;;INVALID;;;;INVALID;;;;;
25740169;1000800381491323300;63758938350688;(0.606, 1.298, 0.429);(-0.188, 0.487, 0.032, 0.852);INVALID;;;INVALID;;;;INVALID;;;;;
25740170;1000800381501275100;63758938350688;(0.606, 1.298, 0.429);(-0.188, 0.487, 0.032, 0.852);INVALID;;;INVALID;;;;INVALID;;;;;
25740171;1000800381511288000;63758938350705;(0.606, 1.298, 0.430);(-0.188, 0.487, 0.032, 0.853);INVALID;;;INVALID;;;;INVALID;;;;;
25740172;1000800381521293100;63758938350722;(0.606, 1.298, 0.430);(-0.188, 0.487, 0.032, 0.853);INVALID;;;INVALID;;;;INVALID;;;;;
25740173;1000800381531285800;63758938350722;(0.606, 1.298, 0.430);(-0.188, 0.487, 0.032, 0.853);INVALID;;;INVALID;;;;INVALID;;;;;
25740174;1000800381541406300;63758938350738;(0.606, 1.298, 0.430);(-0.188, 0.487, 0.032, 0.852);INVALID;;;INVALID;;;;INVALID;;;;;
25740175;1000800381551411400;63758938350738;(0.606, 1.298, 0.430);(-0.188, 0.487, 0.032, 0.852);INVALID;;;INVALID;;;;INVALID;;;;;
25740176;1000800381561409500;63758938350755;(0.606, 1.298, 0.430);(-0.188, 0.487, 0.032, 0.852);INVALID;;;INVALID;;;;INVALID;;;;;
25740177;1000800381571423600;63758938350771;(0.605, 1.298, 0.430);(-0.187, 0.487, 0.032, 0.852);INVALID;;;INVALID;;;;INVALID;;;;;
25740178;1000800381581427500;63758938350771;(0.605, 1.298, 0.430);(-0.187, 0.487, 0.032, 0.852);INVALID;;;INVALID;;;;INVALID;;;;;
25740179;1000800381591410400;63758938350788;(0.605, 1.298, 0.430);(-0.187, 0.488, 0.032, 0.852);INVALID;;;INVALID;;;;INVALID;;;;;
25740180;1000800381601526900;63758938350788;(0.605, 1.298, 0.430);(-0.187, 0.488, 0.032, 0.852);INVALID;;;INVALID;;;;INVALID;;;;;
25740181;1000800381611533400;63758938350805;(0.605, 1.298, 0.430);(-0.187, 0.488, 0.032, 0.852);INVALID;;;INVALID;;;;INVALID;;;;;
25740182;1000800381621531300;63758938350822;(0.605, 1.298, 0.430);(-0.187, 0.488, 0.032, 0.852);INVALID;;;INVALID;;;;INVALID;;;;;
25740183;1000800381631536600;63758938350822;(0.605, 1.298, 0.430);(-0.187, 0.488, 0.032, 0.852);INVALID;;;INVALID;;;;INVALID;;;;;
25740184;1000800381641525600;63758938350839;(0.605, 1.298, 0.431);(-0.188, 0.488, 0.033, 0.852);INVALID;;;INVALID;;;;INVALID;;;;;
25740185;1000800381651537000;63758938350839;(0.605, 1.298, 0.431);(-0.188, 0.488, 0.033, 0.852);INVALID;;;INVALID;;;;INVALID;;;;;
25740186;1000800381661662600;63758938350855;(0.605, 1.298, 0.431);(-0.187, 0.488, 0.033, 0.852);INVALID;;;INVALID;;;;INVALID;;;;;
25740187;1000800381671676000;63758938350872;(0.605, 1.298, 0.431);(-0.187, 0.488, 0.033, 0.852);INVALID;;;INVALID;;;;INVALID;;;;;
25740188;1000800381681688100;63758938350872;(0.605, 1.298, 0.431);(-0.187, 0.488, 0.033, 0.852);INVALID;;;INVALID;;;;INVALID;;;;;
25740189;1000800381691654200;63758938350888;(0.605, 1.298, 0.431);(-0.187, 0.488, 0.033, 0.852);INVALID;;;INVALID;;;;INVALID;;;;;
25740190;1000800381701662300;63758938350888;(0.605, 1.298, 0.431);(-0.187, 0.488, 0.033, 0.852);INVALID;;;INVALID;;;;INVALID;;;;;
25740191;1000800381711659000;63758938350905;(0.605, 1.298, 0.431);(-0.187, 0.488, 0.033, 0.852);INVALID;;;INVALID;;;;INVALID;;;;;
25740192;1000800381721657000;63758938350922;(0.605, 1.298, 0.432);(-0.187, 0.488, 0.033, 0.852);INVALID;;;INVALID;;;;INVALID;;;;;
25740193;1000800381731790600;63758938350922;(0.605, 1.298, 0.432);(-0.187, 0.488, 0.033, 0.852);INVALID;;;INVALID;;;;INVALID;;;;;
